query_type,case_id,query,predicted,expected,exact_match,missing,extra,error
1p,1,"(8148, (1543,))","[18618, 36926, 68626, 77849, 82232]","[18618, 36926, 68626, 77849, 82232]",True,[],[],
1p,2,"(37655, (6661,))",[47936],[47936],True,[],[],
1p,3,"(23659, (4,))",[60299],[60299],True,[],[],
1p,4,"(9737, (9656,))",[84128],[84128],True,[],[],
1p,5,"(5177, (65,))",[12695],[12695],True,[],[],
1p,6,"(1280, (3364,))","[12078, 19562, 36474, 72763, 74994, 80709, 83005]","[12078, 19562, 36474, 72763, 74994, 80709, 83005]",True,[],[],
1p,7,"(7088, (263,))","[53488, 54757, 58194, 80530]","[53488, 54757, 58194, 80530]",True,[],[],
1p,8,"(6983, (261,))","[29948, 82766]","[29948, 82766]",True,[],[],
1p,9,"(20432, (1771,))",[37747],[37747],True,[],[],
1p,10,"(9880, (3642,))","[21628, 23898, 25148, 39059, 42287]","[21628, 23898, 25148, 39059, 42287]",True,[],[],
1p,11,"(281, (2029,))","[30184, 30355]","[30184, 30355]",True,[],[],
1p,12,"(8084, (183,))","[5304, 8503, 11000, 12614, 14059, 21953, 30966, 33899, 34749, 37376, 40929, 44859, 44971, 51688, 60809]","[5304, 8503, 11000, 12614, 14059, 21953, 30966, 33899, 34749, 37376, 40929, 44859, 44971, 51688, 60809]",True,[],[],
1p,13,"(240, (211,))","[8292, 11020, 29158, 33088, 36986, 40372]","[8292, 11020, 29158, 33088, 36986, 40372]",True,[],[],
1p,14,"(2907, (755,))","[2908, 10602, 19422, 21984, 45040, 50861, 77198]","[2908, 10602, 19422, 21984, 45040, 50861, 77198]",True,[],[],
1p,15,"(8673, (5384,))",[35984],[35984],True,[],[],
1p,16,"(13133, (104,))","[2539, 28675, 39200, 45652, 60538, 64893, 67327, 83054]","[2539, 28675, 39200, 45652, 60538, 64893, 67327, 83054]",True,[],[],
1p,17,"(449, (4182,))",[45229],[45229],True,[],[],
1p,18,"(6825, (735,))",[48038],[48038],True,[],[],
1p,19,"(1457, (7730,))",[69988],[69988],True,[],[],
1p,20,"(6493, (57,))",[26368],[26368],True,[],[],
1p,21,"(12935, (3028,))","[43437, 49288, 50734, 71526]","[43437, 49288, 50734, 71526]",True,[],[],
1p,22,"(5310, (76,))","[69787, 72824]","[69787, 72824]",True,[],[],
1p,23,"(4986, (566,))",[41451],[41451],True,[],[],
1p,24,"(6191, (491,))",[73399],[73399],True,[],[],
1p,25,"(512, (592,))",[18667],[18667],True,[],[],
1p,26,"(4274, (560,))",[72075],[72075],True,[],[],
1p,27,"(291, (1270,))",[14435],[14435],True,[],[],
1p,28,"(5638, (160,))",[31090],[31090],True,[],[],
1p,29,"(6519, (121,))",[67754],[67754],True,[],[],
1p,30,"(1821, (62,))",[39902],[39902],True,[],[],
1p,31,"(2176, (1087,))",[4863],[4863],True,[],[],
1p,32,"(11896, (183,))","[11897, 12065, 14793, 14989, 26939, 28868, 30990, 33825, 34384, 41285, 41594, 43512, 50820, 55645, 57468, 58004, 62716, 72714, 82421]","[11897, 12065, 14793, 14989, 26939, 28868, 30990, 33825, 34384, 41285, 41594, 43512, 50820, 55645, 57468, 58004, 62716, 72714, 82421]",True,[],[],
1p,33,"(4860, (45,))","[9987, 44989, 51700, 66236]","[9987, 44989, 51700, 66236]",True,[],[],
1p,34,"(6474, (1346,))","[6475, 51896, 55295, 68574, 70845]","[6475, 51896, 55295, 68574, 70845]",True,[],[],
1p,35,"(4791, (4436,))",[10754],[10754],True,[],[],
1p,36,"(6519, (119,))",[18491],[18491],True,[],[],
1p,37,"(1017, (2651,))","[6719, 12387, 12570, 50252, 58072, 68397]","[6719, 12387, 12570, 50252, 58072, 68397]",True,[],[],
1p,38,"(2640, (234,))","[18358, 56893]","[18358, 56893]",True,[],[],
1p,39,"(12990, (481,))",[54398],[54398],True,[],[],
1p,40,"(8131, (401,))",[63277],[63277],True,[],[],
1p,41,"(2674, (829,))","[20463, 29496, 33590, 51928]","[20463, 29496, 33590, 51928]",True,[],[],
1p,42,"(9580, (3129,))","[17806, 29468, 31315, 43440, 58967, 84248]","[17806, 29468, 31315, 43440, 58967, 84248]",True,[],[],
1p,43,"(1946, (9145,))",[77185],[77185],True,[],[],
1p,44,"(18732, (550,))","[29279, 40373]","[29279, 40373]",True,[],[],
1p,45,"(6505, (122,))","[15235, 80144]","[15235, 80144]",True,[],[],
1p,46,"(7773, (105,))","[6483, 7774, 9561, 10054, 11442, 12919, 14413, 16800, 17740, 24958, 34046, 49602, 54454, 58689, 83119]","[6483, 7774, 9561, 10054, 11442, 12919, 14413, 16800, 17740, 24958, 34046, 49602, 54454, 58689, 83119]",True,[],[],
1p,47,"(1041, (152,))",[8632],[8632],True,[],[],
1p,48,"(6128, (190,))",[48554],[48554],True,[],[],
1p,49,"(139, (660,))",[34238],[34238],True,[],[],
1p,50,"(1175, (797,))",[66545],[66545],True,[],[],
1p,51,"(22140, (551,))",[22141],[22141],True,[],[],
1p,52,"(18807, (1125,))","[1390, 30098, 32417, 84639]","[1390, 30098, 32417, 84639]",True,[],[],
1p,53,"(494, (102,))","[2069, 18533, 61123]","[2069, 18533, 61123]",True,[],[],
1p,54,"(2813, (99,))","[286, 15825, 22131]","[286, 15825, 22131]",True,[],[],
1p,55,"(7139, (327,))","[8624, 17888, 18471, 19887, 35075, 36917, 41305, 65174, 72286]","[8624, 17888, 18471, 19887, 35075, 36917, 41305, 65174, 72286]",True,[],[],
1p,56,"(9834, (3226,))","[27041, 32122, 45409, 62029]","[27041, 32122, 45409, 62029]",True,[],[],
1p,57,"(1560, (54,))","[47376, 77629]","[47376, 77629]",True,[],[],
1p,58,"(4160, (307,))",[26710],[26710],True,[],[],
1p,59,"(11402, (21,))","[5896, 22748, 26897, 38589, 41324, 51167]","[5896, 22748, 26897, 38589, 41324, 51167]",True,[],[],
1p,60,"(2674, (376,))","[11173, 17489, 17647, 27064, 65914, 74078]","[11173, 17489, 17647, 27064, 65914, 74078]",True,[],[],
1p,61,"(6819, (4233,))",[49026],[49026],True,[],[],
1p,62,"(1766, (1279,))",[53386],[53386],True,[],[],
1p,63,"(7929, (292,))","[59663, 74307]","[59663, 74307]",True,[],[],
1p,64,"(1920, (5939,))","[19448, 23972, 68014]","[19448, 23972, 68014]",True,[],[],
1p,65,"(3567, (4680,))","[38388, 55225, 56055]","[38388, 55225, 56055]",True,[],[],
1p,66,"(3912, (2062,))",[45801],[45801],True,[],[],
1p,67,"(41701, (216,))",[65856],[65856],True,[],[],
1p,68,"(6406, (306,))",[80743],[80743],True,[],[],
1p,69,"(40445, (28,))","[34267, 40446, 64517]","[34267, 40446, 64517]",True,[],[],
1p,70,"(1198, (162,))","[218, 1199, 9934, 10895, 15990, 23011, 33647, 33757, 52396, 55227, 67230, 72404, 79799]","[218, 1199, 9934, 10895, 15990, 23011, 33647, 33757, 52396, 55227, 67230, 72404, 79799]",True,[],[],
1p,71,"(3281, (813,))","[3282, 5135, 7092, 36936]","[3282, 5135, 7092, 36936]",True,[],[],
1p,72,"(798, (21,))","[799, 20340, 30553, 36607, 40234, 45768, 46603, 49623, 50877, 52162, 55585, 60863, 68583, 81409, 81602]","[799, 20340, 30553, 36607, 40234, 45768, 46603, 49623, 50877, 52162, 55585, 60863, 68583, 81409, 81602]",True,[],[],
1p,73,"(10510, (515,))","[10511, 12811, 20951, 22916, 67502, 68689]","[10511, 12811, 20951, 22916, 67502, 68689]",True,[],[],
1p,74,"(13695, (3185,))",[18165],[18165],True,[],[],
1p,75,"(18774, (301,))",[47273],[47273],True,[],[],
1p,76,"(16109, (5479,))","[67543, 83271]","[67543, 83271]",True,[],[],
1p,77,"(15607, (153,))","[30313, 57539, 66280, 70119, 71698]","[30313, 57539, 66280, 70119, 71698]",True,[],[],
1p,78,"(837, (2755,))","[15197, 22549, 22862, 55314, 55332, 60125, 64133, 69323, 78705, 80488]","[15197, 22549, 22862, 55314, 55332, 60125, 64133, 69323, 78705, 80488]",True,[],[],
1p,79,"(1237, (1467,))",[7230],[7230],True,[],[],
1p,80,"(2473, (186,))",[69183],[69183],True,[],[],
1p,81,"(4085, (306,))","[14292, 68815]","[14292, 68815]",True,[],[],
1p,82,"(364, (1329,))",[56424],[56424],True,[],[],
1p,83,"(6107, (58,))",[66438],[66438],True,[],[],
1p,84,"(2205, (372,))",[61111],[61111],True,[],[],
1p,85,"(12231, (35,))",[5325],[5325],True,[],[],
1p,86,"(3587, (29,))","[28318, 30052, 37145, 53523, 67687, 68870, 70131, 78202]","[28318, 30052, 37145, 53523, 67687, 68870, 70131, 78202]",True,[],[],
1p,87,"(599, (829,))","[18325, 28010, 32105]","[18325, 28010, 32105]",True,[],[],
1p,88,"(730, (252,))",[731],[731],True,[],[],
1p,89,"(429, (456,))",[43324],[43324],True,[],[],
1p,90,"(1451, (57,))",[27485],[27485],True,[],[],
1p,91,"(1922, (411,))","[7848, 10958, 14903, 17898, 70553, 84043]","[7848, 10958, 14903, 17898, 70553, 84043]",True,[],[],
1p,92,"(903, (15,))","[44659, 66586]","[44659, 66586]",True,[],[],
1p,93,"(1619, (448,))",[83244],[83244],True,[],[],
1p,94,"(13903, (65,))","[13904, 31512, 50330]","[13904, 31512, 50330]",True,[],[],
1p,95,"(2928, (472,))",[51770],[51770],True,[],[],
1p,96,"(21597, (350,))",[70899],[70899],True,[],[],
1p,97,"(10444, (8,))","[15339, 15506, 43707]","[15339, 15506, 43707]",True,[],[],
1p,98,"(1734, (54,))","[58297, 65091, 71660, 75478]","[58297, 65091, 71660, 75478]",True,[],[],
1p,99,"(10003, (4043,))","[24561, 39942, 78110]","[24561, 39942, 78110]",True,[],[],
1p,100,"(437, (133,))","[29577, 31582, 71523]","[29577, 31582, 71523]",True,[],[],
1p,101,"(19267, (1542,))",[60122],[60122],True,[],[],
1p,102,"(19152, (65,))",[30582],[30582],True,[],[],
1p,103,"(7040, (1885,))",[50858],[50858],True,[],[],
1p,104,"(242, (637,))","[20355, 27536]","[20355, 27536]",True,[],[],
1p,105,"(4038, (2420,))","[8670, 10435, 24422, 80919]","[8670, 10435, 24422, 80919]",True,[],[],
1p,106,"(7254, (404,))","[56877, 76417]","[56877, 76417]",True,[],[],
1p,107,"(983, (200,))","[13034, 27535, 76413]","[13034, 27535, 76413]",True,[],[],
1p,108,"(6450, (388,))","[12985, 17742, 22798, 54791, 78151]","[12985, 17742, 22798, 54791, 78151]",True,[],[],
1p,109,"(502, (6544,))",[46784],[46784],True,[],[],
1p,110,"(5229, (293,))",[41597],[41597],True,[],[],
1p,111,"(2301, (151,))","[7674, 22728]","[7674, 22728]",True,[],[],
1p,112,"(21760, (3,))",[80166],[80166],True,[],[],
1p,113,"(10186, (35,))","[16277, 34632]","[16277, 34632]",True,[],[],
1p,114,"(7305, (745,))",[62143],[62143],True,[],[],
1p,115,"(7385, (264,))","[8980, 54676]","[8980, 54676]",True,[],[],
1p,116,"(5408, (4427,))",[27729],[27729],True,[],[],
1p,117,"(22509, (79,))",[41129],[41129],True,[],[],
1p,118,"(10436, (145,))","[43685, 65813, 68867]","[43685, 65813, 68867]",True,[],[],
1p,119,"(7194, (461,))",[32856],[32856],True,[],[],
1p,120,"(7722, (39,))","[7723, 47939]","[7723, 47939]",True,[],[],
1p,121,"(1839, (211,))","[1838, 24444, 56245, 64125]","[1838, 24444, 56245, 64125]",True,[],[],
1p,122,"(167, (11,))","[33802, 74951]","[33802, 74951]",True,[],[],
1p,123,"(9973, (183,))","[4352, 9769, 13412, 14976, 18897, 19628, 20906, 21818, 22761, 24237, 25015, 26242, 29253, 46395, 47826, 49924, 58065, 72411, 75625, 80451]","[4352, 9769, 13412, 14976, 18897, 19628, 20906, 21818, 22761, 24237, 25015, 26242, 29253, 46395, 47826, 49924, 58065, 72411, 75625, 80451]",True,[],[],
1p,124,"(23844, (4235,))",[73796],[73796],True,[],[],
1p,125,"(40, (211,))","[691, 12037, 12479, 36500, 45340, 51155, 57592]","[691, 12037, 12479, 36500, 45340, 51155, 57592]",True,[],[],
1p,126,"(10274, (39,))",[49747],[49747],True,[],[],
1p,127,"(2541, (129,))","[7282, 10396, 10655, 14783, 27961, 41703, 44599, 46176, 70055, 74297]","[7282, 10396, 10655, 14783, 27961, 41703, 44599, 46176, 70055, 74297]",True,[],[],
1p,128,"(9875, (1825,))",[62778],[62778],True,[],[],
1p,129,"(526, (97,))",[62972],[62972],True,[],[],
1p,130,"(1575, (657,))","[12814, 16326, 23105, 30026, 30603, 32865, 46642, 72249, 73821]","[12814, 16326, 23105, 30026, 30603, 32865, 46642, 72249, 73821]",True,[],[],
1p,131,"(20780, (7785,))",[82102],[82102],True,[],[],
1p,132,"(847, (8,))","[41596, 59780, 69947]","[41596, 59780, 69947]",True,[],[],
1p,133,"(5376, (99,))","[61966, 68337]","[61966, 68337]",True,[],[],
1p,134,"(6089, (274,))","[6090, 42048, 64770]","[6090, 42048, 64770]",True,[],[],
1p,135,"(5771, (210,))",[5772],[5772],True,[],[],
1p,136,"(3924, (3,))",[16718],[16718],True,[],[],
1p,137,"(4878, (1794,))",[77289],[77289],True,[],[],
1p,138,"(2295, (88,))","[5552, 63054, 82216]","[5552, 63054, 82216]",True,[],[],
1p,139,"(1504, (5429,))","[36456, 59272, 63986, 67901]","[36456, 59272, 63986, 67901]",True,[],[],
1p,140,"(2924, (473,))","[34785, 37410, 46892, 52189, 53886, 59283, 77294]","[34785, 37410, 46892, 52189, 53886, 59283, 77294]",True,[],[],
1p,141,"(1451, (675,))","[18758, 38240, 39223, 45096, 49167, 51150, 53302, 80737]","[18758, 38240, 39223, 45096, 49167, 51150, 53302, 80737]",True,[],[],
1p,142,"(3056, (1501,))","[22553, 58734, 74108]","[22553, 58734, 74108]",True,[],[],
1p,143,"(19690, (545,))",[68081],[68081],True,[],[],
1p,144,"(3778, (183,))","[3779, 5419, 14524, 19776, 28721, 29701, 34282, 63441, 70273, 78387, 79893]","[3779, 5419, 14524, 19776, 28721, 29701, 34282, 63441, 70273, 78387, 79893]",True,[],[],
1p,145,"(7525, (45,))",[67297],[67297],True,[],[],
1p,146,"(9943, (927,))","[8265, 12410, 13438, 13969, 26007, 30712, 32915, 37854, 53258, 60430]","[8265, 12410, 13438, 13969, 26007, 30712, 32915, 37854, 53258, 60430]",True,[],[],
1p,147,"(2694, (472,))","[586, 632]","[586, 632]",True,[],[],
1p,148,"(4608, (507,))","[36426, 67777]","[36426, 67777]",True,[],[],
1p,149,"(8700, (82,))","[8701, 12539, 14053, 25742, 31037, 38177, 38840, 41381, 50685, 61099, 61706, 62997, 65912, 69068, 72299, 74273, 75357, 75887, 83159, 83526]","[8701, 12539, 14053, 25742, 31037, 38177, 38840, 41381, 50685, 61099, 61706, 62997, 65912, 69068, 72299, 74273, 75357, 75887, 83159, 83526]",True,[],[],
1p,150,"(6742, (102,))","[12369, 13194, 21157, 22422, 26605, 41065, 44617, 54012, 75231]","[12369, 13194, 21157, 22422, 26605, 41065, 44617, 54012, 75231]",True,[],[],
2p,1,"(903, (307, 15))","[44659, 66586]","[44659, 66586]",True,[],[],
2p,2,"(9651, (1119, 748))","[20769, 42013, 42380, 54106, 73787, 78541]","[20769, 42013, 42380, 54106, 73787, 78541]",True,[],[],
2p,3,"(2965, (474, 962))",[69362],[69362],True,[],[],
2p,4,"(16732, (1634, 211))","[6863, 11335, 40730, 78809]","[6863, 11335, 40730, 78809]",True,[],[],
2p,5,"(6519, (35, 3225))",[18474],[18474],True,[],[],
2p,6,"(10334, (3042, 5943))","[41112, 63652, 69785, 77351, 82152]","[41112, 63652, 69785, 77351, 82152]",True,[],[],
2p,7,"(10127, (383, 4))",[23158],[23158],True,[],[],
2p,8,"(183, (35, 99))",[76192],[76192],True,[],[],
2p,9,"(12131, (588, 21))","[8736, 12132, 22958, 26887, 35457, 53185, 63262, 66540, 78019]","[8736, 12132, 22958, 26887, 35457, 53185, 63262, 66540, 78019]",True,[],[],
2p,10,"(8692, (202, 515))","[6844, 12055, 59294, 60590, 65810, 75828, 83547]","[6844, 12055, 59294, 60590, 65810, 75828, 83547]",True,[],[],
2p,11,"(471, (1057, 102))","[30272, 38470, 50542, 60314, 62254, 83613, 84245]","[30272, 38470, 50542, 60314, 62254, 83613, 84245]",True,[],[],
2p,12,"(10270, (28, 5359))","[79419, 83429]","[79419, 83429]",True,[],[],
2p,13,"(13192, (162, 401))",[10324],[10324],True,[],[],
2p,14,"(18634, (4, 1753))",[72468],[72468],True,[],[],
2p,15,"(2749, (4319, 6053))","[32770, 49278]","[32770, 49278]",True,[],[],
2p,16,"(7720, (226, 560))",[43492],[43492],True,[],[],
2p,17,"(10408, (1119, 1186))","[7645, 10715, 16547, 16839, 21625, 25267, 32293, 34427, 45583, 45822, 47669, 49463, 54836, 55903, 55923, 56467, 63074, 67286, 72127]","[7645, 10715, 16547, 16839, 21625, 25267, 32293, 34427, 45583, 45822, 47669, 49463, 54836, 55903, 55923, 56467, 63074, 67286, 72127]",True,[],[],
2p,18,"(2081, (474, 14))","[12682, 36653, 42465, 51323]","[12682, 36653, 42465, 51323]",True,[],[],
2p,19,"(16331, (6193, 88))",[40972],[40972],True,[],[],
2p,20,"(6683, (202, 202))","[12037, 20950, 45340, 51155]","[12037, 20950, 45340, 51155]",True,[],[],
2p,21,"(9544, (202, 1898))","[7534, 11894]","[7534, 11894]",True,[],[],
2p,22,"(11238, (162, 153))",[56207],[56207],True,[],[],
2p,23,"(6888, (1395, 2308))","[12384, 12739, 13240, 22943, 24359, 24872, 27073, 33724, 33942, 35094, 36118, 36588, 37336, 38012, 39533, 39635, 40544, 41424, 41741, 44205, 47006, 48533, 50134, 52126, 52988, 53121, 54330, 54665, 56947, 57148, 57907, 58751, 60164, 61481, 62027, 63221, 68120, 68248, 68428, 69594, 76997, 77453, 78747, 79225, 82990, 83917, 84834]","[12384, 12739, 13240, 22943, 24359, 24872, 27073, 33724, 33942, 35094, 36118, 36588, 37336, 38012, 39533, 39635, 40544, 41424, 41741, 44205, 47006, 48533, 50134, 52126, 52988, 53121, 54330, 54665, 56947, 57148, 57907, 58751, 60164, 61481, 62027, 63221, 68120, 68248, 68428, 69594, 76997, 77453, 78747, 79225, 82990, 83917, 84834]",True,[],[],
2p,24,"(16129, (515, 2))","[296, 47247]","[296, 47247]",True,[],[],
2p,25,"(9391, (2292, 339))",[82322],[82322],True,[],[],
2p,26,"(6532, (3, 21))",[30279],[30279],True,[],[],
2p,27,"(7929, (1686, 292))","[59663, 74307]","[59663, 74307]",True,[],[],
2p,28,"(20700, (131, 7073))",[10381],[10381],True,[],[],
2p,29,"(13632, (2066, 2153))","[25053, 25058, 35402, 65337]","[25053, 25058, 35402, 65337]",True,[],[],
2p,30,"(9882, (640, 550))",[83829],[83829],True,[],[],
2p,31,"(12287, (35, 675))",[82044],[82044],True,[],[],
2p,32,"(10327, (2292, 9082))",[83375],[83375],True,[],[],
2p,33,"(8285, (3042, 764))",[71429],[71429],True,[],[],
2p,34,"(386, (376, 261))","[16825, 24203, 35848, 77417]","[16825, 24203, 35848, 77417]",True,[],[],
2p,35,"(5918, (102, 176))",[10731],[10731],True,[],[],
2p,36,"(6598, (688, 1034))","[4448, 4553, 11116, 11148, 14138, 14372, 14687, 15290, 18559, 18797, 18868, 20778, 25395, 31146, 31859, 35386, 37045, 38441, 38674, 40142, 42542, 43089, 45033, 49454, 50688, 50968, 53170, 53655, 55113, 55798, 55912, 57334, 58085, 59000, 60665, 61630, 62868, 63390, 66496, 70624, 71689, 72935, 75111, 76973, 78056, 79153, 79928, 81874, 83205, 83595, 83981]","[4448, 4553, 11116, 11148, 14138, 14372, 14687, 15290, 18559, 18797, 18868, 20778, 25395, 31146, 31859, 35386, 37045, 38441, 38674, 40142, 42542, 43089, 45033, 49454, 50688, 50968, 53170, 53655, 55113, 55798, 55912, 57334, 58085, 59000, 60665, 61630, 62868, 63390, 66496, 70624, 71689, 72935, 75111, 76973, 78056, 79153, 79928, 81874, 83205, 83595, 83981]",True,[],[],
2p,37,"(3683, (1523, 864))","[29944, 52136]","[29944, 52136]",True,[],[],
2p,38,"(8620, (478, 6035))",[42056],[42056],True,[],[],
2p,39,"(8293, (3747, 4364))","[33294, 36847]","[33294, 36847]",True,[],[],
2p,40,"(2310, (45, 818))","[3316, 7831, 28308, 60834, 74225]","[3316, 7831, 28308, 60834, 74225]",True,[],[],
2p,41,"(7431, (9424, 1116))","[13710, 18861, 32278, 44254, 45152, 65769, 78767, 79856]","[13710, 18861, 32278, 44254, 45152, 65769, 78767, 79856]",True,[],[],
2p,42,"(1037, (35, 1225))","[41820, 47654]","[41820, 47654]",True,[],[],
2p,43,"(6598, (35, 84))",[26370],[26370],True,[],[],
2p,44,"(12287, (35, 4))","[24636, 54143]","[24636, 54143]",True,[],[],
2p,45,"(696, (255, 618))",[75693],[75693],True,[],[],
2p,46,"(13724, (45, 164))","[63355, 74976]","[63355, 74976]",True,[],[],
2p,47,"(1839, (1316, 243))",[15495],[15495],True,[],[],
2p,48,"(2318, (640, 191))","[6183, 40909, 42575, 58650, 64630, 64955, 66674]","[6183, 40909, 42575, 58650, 64630, 64955, 66674]",True,[],[],
2p,49,"(2895, (102, 116))",[53915],[53915],True,[],[],
2p,50,"(5040, (3042, 271))",[19252],[19252],True,[],[],
2p,51,"(6598, (45, 2614))",[60725],[60725],True,[],[],
2p,52,"(16486, (4, 243))",[59269],[59269],True,[],[],
2p,53,"(696, (35, 91))",[8795],[8795],True,[],[],
2p,54,"(15079, (45, 1046))","[14554, 62630, 78321]","[14554, 62630, 78321]",True,[],[],
2p,55,"(903, (307, 7211))",[54060],[54060],True,[],[],
2p,56,"(4322, (997, 105))","[14441, 15403, 15486, 17696, 18198, 21311, 23623, 27589, 34686, 37550, 38369, 39482, 43721, 47185, 48743, 49105, 54922, 65519, 71800, 74511, 76579, 78909, 79355, 80160, 83623]","[14441, 15403, 15486, 17696, 18198, 21311, 23623, 27589, 34686, 37550, 38369, 39482, 43721, 47185, 48743, 49105, 54922, 65519, 71800, 74511, 76579, 78909, 79355, 80160, 83623]",True,[],[],
2p,57,"(15079, (7459, 160))","[62976, 73323]","[62976, 73323]",True,[],[],
2p,58,"(1133, (14, 276))",[71092],[71092],True,[],[],
2p,59,"(3448, (5903, 28))","[64056, 66259]","[64056, 66259]",True,[],[],
2p,60,"(4059, (475, 62))",[30212],[30212],True,[],[],
2p,61,"(4059, (475, 4))","[63643, 68749]","[63643, 68749]",True,[],[],
2p,62,"(2318, (640, 100))","[229, 6183, 17154, 19875, 37539, 67818, 79613, 84581]","[229, 6183, 17154, 19875, 37539, 67818, 79613, 84581]",True,[],[],
2p,63,"(4120, (3, 393))","[64621, 65056]","[64621, 65056]",True,[],[],
2p,64,"(8547, (45, 3704))",[64795],[64795],True,[],[],
2p,65,"(394, (35, 792))","[46573, 70065, 81545, 83070]","[46573, 70065, 81545, 83070]",True,[],[],
2p,66,"(2385, (162, 6386))",[45126],[45126],True,[],[],
2p,67,"(6104, (1141, 1034))","[1715, 11773, 17637, 17743, 26416, 29581, 40121, 42415, 46879, 49903, 51020, 52196, 54661, 68203, 77837, 79545, 83736]","[1715, 11773, 17637, 17743, 26416, 29581, 40121, 42415, 46879, 49903, 51020, 52196, 54661, 68203, 77837, 79545, 83736]",True,[],[],
2p,68,"(5540, (35, 119))",[80971],[80971],True,[],[],
2p,69,"(9391, (2292, 550))","[30895, 39632, 40395]","[30895, 39632, 40395]",True,[],[],
2p,70,"(2114, (35, 6509))","[46425, 60467, 76128]","[46425, 60467, 76128]",True,[],[],
2p,71,"(16226, (4, 1225))",[11164],[11164],True,[],[],
2p,72,"(5078, (515, 274))","[18174, 52594, 59193]","[18174, 52594, 59193]",True,[],[],
2p,73,"(7687, (743, 183))","[2800, 4524, 4816, 8900, 25685, 63072, 66474, 77529]","[2800, 4524, 4816, 8900, 25685, 63072, 66474, 77529]",True,[],[],
2p,74,"(4703, (9365, 152))","[4668, 25751, 30646, 56148, 57073, 71630, 75549, 82765]","[4668, 25751, 30646, 56148, 57073, 71630, 75549, 82765]",True,[],[],
2p,75,"(20720, (145, 82))","[8701, 12539, 14053, 25742, 31037, 38177, 38840, 41381, 50685, 61099, 61706, 62997, 65912, 69068, 72299, 74273, 75357, 75887, 83159, 83526]","[8701, 12539, 14053, 25742, 31037, 38177, 38840, 41381, 50685, 61099, 61706, 62997, 65912, 69068, 72299, 74273, 75357, 75887, 83159, 83526]",True,[],[],
2p,76,"(3773, (3297, 1007))",[36571],[36571],True,[],[],
2p,77,"(12290, (2292, 257))",[65075],[65075],True,[],[],
2p,78,"(5563, (307, 8395))",[67722],[67722],True,[],[],
2p,79,"(2327, (291, 3741))","[34691, 52734, 57010, 60823, 67551, 73671, 83877]","[34691, 52734, 57010, 60823, 67551, 73671, 83877]",True,[],[],
2p,80,"(4563, (1523, 1899))",[67554],[67554],True,[],[],
2p,81,"(2081, (475, 1157))","[2501, 6183, 6525, 13013, 42605, 50939, 80237]","[2501, 6183, 6525, 13013, 42605, 50939, 80237]",True,[],[],
2p,82,"(3525, (9517, 4))",[26234],[26234],True,[],[],
2p,83,"(100, (588, 662))","[2435, 7249, 8301, 33828, 44241, 82046]","[2435, 7249, 8301, 33828, 44241, 82046]",True,[],[],
2p,84,"(9416, (994, 1130))","[5152, 45026, 47932, 77723]","[5152, 45026, 47932, 77723]",True,[],[],
2p,85,"(2516, (129, 816))","[39300, 40647, 77018]","[39300, 40647, 77018]",True,[],[],
2p,86,"(3527, (3, 1582))","[777, 66783]","[777, 66783]",True,[],[],
2p,87,"(5849, (419, 701))","[2602, 3533, 9115, 10229, 12316, 12705, 13032, 16657, 17965, 21102, 21754, 22182, 23741, 23951, 24391, 24694, 24736, 25676, 27620, 28394, 28506, 28962, 29759, 29884, 34605, 35095, 35489, 41312, 42144, 43119, 43679, 47142, 51978, 60463, 62747, 73860, 76662, 76993, 81203, 82723]","[2602, 3533, 9115, 10229, 12316, 12705, 13032, 16657, 17965, 21102, 21754, 22182, 23741, 23951, 24391, 24694, 24736, 25676, 27620, 28394, 28506, 28962, 29759, 29884, 34605, 35095, 35489, 41312, 42144, 43119, 43679, 47142, 51978, 60463, 62747, 73860, 76662, 76993, 81203, 82723]",True,[],[],
2p,88,"(10334, (3042, 4006))",[76454],[76454],True,[],[],
2p,89,"(1229, (391, 1085))",[15854],[15854],True,[],[],
2p,90,"(9958, (226, 8285))","[66387, 75131]","[66387, 75131]",True,[],[],
2p,91,"(13397, (35, 46))","[15623, 20556, 26880]","[15623, 20556, 26880]",True,[],[],
2p,92,"(5040, (3042, 97))",[81189],[81189],True,[],[],
2p,93,"(696, (255, 12))","[25, 40702, 67450]","[25, 40702, 67450]",True,[],[],
2p,94,"(4322, (997, 45))","[24049, 30234, 32553, 33548, 41758, 48310, 54167, 55389, 56981, 63119, 65614, 70037, 72262, 74657, 76286]","[24049, 30234, 32553, 33548, 41758, 48310, 54167, 55389, 56981, 63119, 65614, 70037, 72262, 74657, 76286]",True,[],[],
2p,95,"(7641, (159, 6937))","[16189, 30944, 50717]","[16189, 30944, 50717]",True,[],[],
2p,96,"(5076, (8, 491))",[78511],[78511],True,[],[],
2p,97,"(11143, (79, 216))","[15956, 24933, 53501, 53614, 58963, 65958, 76023, 78614]","[15956, 24933, 53501, 53614, 58963, 65958, 76023, 78614]",True,[],[],
2p,98,"(7004, (412, 179))",[5090],[5090],True,[],[],
2p,99,"(3202, (11, 8274))",[66250],[66250],True,[],[],
2p,100,"(20, (978, 0))","[11685, 38909]","[11685, 38909]",True,[],[],
2p,101,"(6932, (474, 1179))","[5666, 14160]","[5666, 14160]",True,[],[],
2p,102,"(1013, (2246, 178))",[78231],[78231],True,[],[],
2p,103,"(4192, (474, 197))",[503],[503],True,[],[],
2p,104,"(1687, (161, 1110))","[8269, 53196, 61276]","[8269, 53196, 61276]",True,[],[],
2p,105,"(12290, (2292, 493))","[19101, 47733, 60249]","[19101, 47733, 60249]",True,[],[],
2p,106,"(3831, (719, 1921))",[64705],[64705],True,[],[],
2p,107,"(427, (2292, 151))","[11778, 14208]","[11778, 14208]",True,[],[],
2p,108,"(3262, (202, 232))",[22836],[22836],True,[],[],
2p,109,"(710, (28, 2801))",[68344],[68344],True,[],[],
2p,110,"(12770, (202, 288))","[9411, 37131, 47817, 61284]","[9411, 37131, 47817, 61284]",True,[],[],
2p,111,"(9391, (2292, 4))","[42448, 46272, 61923]","[42448, 46272, 61923]",True,[],[],
2p,112,"(7239, (226, 1058))",[42046],[42046],True,[],[],
2p,113,"(2886, (202, 2459))",[53388],[53388],True,[],[],
2p,114,"(4770, (2200, 790))","[4891, 6693, 44417, 52561, 77199]","[4891, 6693, 44417, 52561, 77199]",True,[],[],
2p,115,"(5228, (139, 8084))","[64047, 78572]","[64047, 78572]",True,[],[],
2p,116,"(838, (475, 161))","[2056, 24804, 42736, 53974, 54964, 57173, 78878]","[2056, 24804, 42736, 53974, 54964, 57173, 78878]",True,[],[],
2p,117,"(1524, (202, 971))",[24543],[24543],True,[],[],
2p,118,"(3965, (3, 345))",[1054],[1054],True,[],[],
2p,119,"(36522, (183, 153))","[12075, 33210, 39187, 41341, 51274, 52210, 59191]","[12075, 33210, 39187, 41341, 51274, 52210, 59191]",True,[],[],
2p,120,"(1972, (226, 818))","[15147, 42034, 69827]","[15147, 42034, 69827]",True,[],[],
2p,121,"(9183, (88, 533))","[5057, 19279, 30043]","[5057, 19279, 30043]",True,[],[],
2p,122,"(46496, (35, 34))","[4735, 21548, 23411, 24310, 27793, 35477, 47866, 58601, 62288, 64762, 65207, 70811, 76136, 76538]","[4735, 21548, 23411, 24310, 27793, 35477, 47866, 58601, 62288, 64762, 65207, 70811, 76136, 76538]",True,[],[],
2p,123,"(1544, (116, 857))",[44400],[44400],True,[],[],
2p,124,"(3818, (474, 1383))","[6694, 24512, 24839, 27206, 27279, 49741, 69198, 76330]","[6694, 24512, 24839, 27206, 27279, 49741, 69198, 76330]",True,[],[],
2p,125,"(4469, (226, 263))","[47207, 79600, 81064, 83292]","[47207, 79600, 81064, 83292]",True,[],[],
2p,126,"(22951, (35, 58))","[40663, 76098]","[40663, 76098]",True,[],[],
2p,127,"(382, (5260, 511))","[31115, 55554]","[31115, 55554]",True,[],[],
2p,128,"(2523, (14, 6))",[40877],[40877],True,[],[],
2p,129,"(1326, (7633, 441))","[8472, 20304, 24913, 41311, 44380]","[8472, 20304, 24913, 41311, 44380]",True,[],[],
2p,130,"(6888, (1395, 1102))",[22563],[22563],True,[],[],
2p,131,"(31322, (419, 3))","[8768, 71475]","[8768, 71475]",True,[],[],
2p,132,"(8056, (1057, 53))","[2029, 5349, 20923, 23793, 24524, 50723]","[2029, 5349, 20923, 23793, 24524, 50723]",True,[],[],
2p,133,"(17726, (3, 858))","[32093, 48890, 62876, 74465]","[32093, 48890, 62876, 74465]",True,[],[],
2p,134,"(1754, (2367, 284))","[12465, 35671, 81344]","[12465, 35671, 81344]",True,[],[],
2p,135,"(9227, (35, 3768))","[22588, 27515, 64666]","[22588, 27515, 64666]",True,[],[],
2p,136,"(15079, (45, 252))","[731, 5497, 37664, 38194]","[731, 5497, 37664, 38194]",True,[],[],
2p,137,"(9848, (45, 4159))","[2800, 4008, 4098, 4352, 5650, 8900, 23388, 26470, 63100]","[2800, 4008, 4098, 4352, 5650, 8900, 23388, 26470, 63100]",True,[],[],
2p,138,"(4032, (211, 2744))",[15113],[15113],True,[],[],
2p,139,"(1924, (3252, 1110))","[21519, 28811, 40507, 42468, 53237, 65583, 80040]","[21519, 28811, 40507, 42468, 53237, 65583, 80040]",True,[],[],
2p,140,"(6206, (45, 1286))",[66854],[66854],True,[],[],
2p,141,"(3751, (473, 105))","[28662, 42526, 50534]","[28662, 42526, 50534]",True,[],[],
2p,142,"(9669, (669, 178))",[15929],[15929],True,[],[],
2p,143,"(193, (3411, 349))","[26726, 29153, 37890, 42895, 49328, 71311, 81047]","[26726, 29153, 37890, 42895, 49328, 71311, 81047]",True,[],[],
2p,144,"(3965, (3, 397))","[22354, 28921, 34772, 35515, 40494, 52417, 63196, 80089, 82016]","[22354, 28921, 34772, 35515, 40494, 52417, 63196, 80089, 82016]",True,[],[],
2p,145,"(1906, (202, 1102))",[76092],[76092],True,[],[],
2p,146,"(1177, (4, 1963))",[68161],[68161],True,[],[],
2p,147,"(76, (1719, 158))","[2377, 6719, 7025, 7238, 8144, 14539, 18729]","[2377, 6719, 7025, 7238, 8144, 14539, 18729]",True,[],[],
2p,148,"(22554, (1861, 288))",[59772],[59772],True,[],[],
2p,149,"(8663, (162, 515))","[9877, 16748, 25541, 27309, 29674, 32750, 40642, 44839, 48002, 53183, 57580, 79631, 81694]","[9877, 16748, 25541, 27309, 29674, 32750, 40642, 44839, 48002, 53183, 57580, 79631, 81694]",True,[],[],
2p,150,"(4711, (680, 540))",[20850],[20850],True,[],[],
2i,1,"((6406, (306,)), (9147, (306,)))",[80743],[80743],True,[],[],
2i,2,"((12028, (62,)), (2429, (1879,)))",[6495],[6495],True,[],[],
2i,3,"((6443, (9,)), (18, (9,)))",[19],[19],True,[],[],
2i,4,"((3446, (170,)), (3849, (572,)))",[3850],[3850],True,[],[],
2i,5,"((930, (45,)), (8439, (45,)))",[6527],[6527],True,[],[],
2i,6,"((21737, (2636,)), (3761, (1778,)))",[17775],[17775],True,[],[],
2i,7,"((8721, (5905,)), (5098, (162,)))",[19539],[19539],True,[],[],
2i,8,"((1710, (34,)), (4354, (907,)))","[32604, 45394]","[32604, 45394]",True,[],[],
2i,9,"((2227, (496,)), (8920, (44,)))",[16949],[16949],True,[],[],
2i,10,"((10725, (1160,)), (12290, (2292,)))","[5197, 10726, 30186]","[5197, 10726, 30186]",True,[],[],
2i,11,"((6661, (4979,)), (11554, (3888,)))",[23342],[23342],True,[],[],
2i,12,"((635, (1420,)), (5795, (1111,)))",[11150],[11150],True,[],[],
2i,13,"((17020, (650,)), (12380, (1211,)))",[17021],[17021],True,[],[],
2i,14,"((599, (688,)), (42449, (3,)))",[20739],[20739],True,[],[],
2i,15,"((11816, (1046,)), (12484, (73,)))",[52172],[52172],True,[],[],
2i,16,"((1395, (7482,)), (1395, (1221,)))","[24566, 33481]","[24566, 33481]",True,[],[],
2i,17,"((43495, (121,)), (17920, (121,)))",[74352],[74352],True,[],[],
2i,18,"((6638, (95,)), (2582, (695,)))",[37138],[37138],True,[],[],
2i,19,"((6092, (137,)), (9200, (137,)))",[20773],[20773],True,[],[],
2i,20,"((5707, (25,)), (5911, (25,)))","[5912, 50336, 65473]","[5912, 50336, 65473]",True,[],[],
2i,21,"((8178, (76,)), (3755, (339,)))",[30748],[30748],True,[],[],
2i,22,"((3187, (1448,)), (3485, (501,)))",[7108],[7108],True,[],[],
2i,23,"((6452, (121,)), (4965, (384,)))",[10900],[10900],True,[],[],
2i,24,"((8289, (39,)), (6821, (39,)))",[9210],[9210],True,[],[],
2i,25,"((696, (255,)), (5738, (82,)))","[4989, 5739, 12830, 13620, 23993, 25616, 31627, 38790, 41559, 47072, 50128, 57310]","[4989, 5739, 12830, 13620, 23993, 25616, 31627, 38790, 41559, 47072, 50128, 57310]",True,[],[],
2i,26,"((4036, (950,)), (96, (1392,)))","[4037, 6737, 12404, 20853, 31172, 31901, 38185]","[4037, 6737, 12404, 20853, 31172, 31901, 38185]",True,[],[],
2i,27,"((13984, (110,)), (706, (21,)))",[22846],[22846],True,[],[],
2i,28,"((8240, (36,)), (9135, (36,)))",[20090],[20090],True,[],[],
2i,29,"((1839, (2,)), (10650, (2,)))",[11867],[11867],True,[],[],
2i,30,"((1358, (109,)), (10799, (181,)))",[6362],[6362],True,[],[],
2i,31,"((16740, (497,)), (4274, (497,)))",[10881],[10881],True,[],[],
2i,32,"((4738, (4321,)), (34, (5470,)))",[22169],[22169],True,[],[],
2i,33,"((4425, (232,)), (10992, (372,)))","[13851, 39171]","[13851, 39171]",True,[],[],
2i,34,"((1567, (759,)), (807, (759,)))","[2845, 2943, 5826, 16434, 18551, 28434, 52197, 66378]","[2845, 2943, 5826, 16434, 18551, 28434, 52197, 66378]",True,[],[],
2i,35,"((5821, (1286,)), (5162, (288,)))",[17238],[17238],True,[],[],
2i,36,"((13917, (3,)), (3405, (3,)))",[21300],[21300],True,[],[],
2i,37,"((22628, (3103,)), (17659, (3103,)))",[17660],[17660],True,[],[],
2i,38,"((2555, (318,)), (5706, (1892,)))",[27405],[27405],True,[],[],
2i,39,"((2835, (3910,)), (5866, (6,)))",[62885],[62885],True,[],[],
2i,40,"((10587, (104,)), (16698, (104,)))","[2958, 13041, 62508]","[2958, 13041, 62508]",True,[],[],
2i,41,"((1253, (136,)), (10108, (481,)))",[67387],[67387],True,[],[],
2i,42,"((2900, (1066,)), (1187, (7244,)))",[26548],[26548],True,[],[],
2i,43,"((1526, (183,)), (10449, (183,)))","[31491, 82647]","[31491, 82647]",True,[],[],
2i,44,"((10441, (2001,)), (10441, (3289,)))","[10442, 48677]","[10442, 48677]",True,[],[],
2i,45,"((4559, (907,)), (5337, (907,)))",[34125],[34125],True,[],[],
2i,46,"((327, (1402,)), (1839, (1047,)))",[20450],[20450],True,[],[],
2i,47,"((5587, (325,)), (24009, (325,)))",[31352],[31352],True,[],[],
2i,48,"((9155, (592,)), (12816, (592,)))","[9156, 13464]","[9156, 13464]",True,[],[],
2i,49,"((9796, (136,)), (8868, (136,)))",[34722],[34722],True,[],[],
2i,50,"((11016, (121,)), (5767, (10,)))",[11211],[11211],True,[],[],
2i,51,"((11295, (72,)), (12836, (40,)))",[42794],[42794],True,[],[],
2i,52,"((2874, (62,)), (6723, (62,)))",[19864],[19864],True,[],[],
2i,53,"((10693, (175,)), (8629, (175,)))","[19414, 58315]","[19414, 58315]",True,[],[],
2i,54,"((6115, (794,)), (1935, (88,)))","[17061, 17819, 18791, 38098]","[17061, 17819, 18791, 38098]",True,[],[],
2i,55,"((13562, (727,)), (18495, (688,)))",[18496],[18496],True,[],[],
2i,56,"((2870, (1225,)), (4523, (202,)))",[2515],[2515],True,[],[],
2i,57,"((898, (2182,)), (104, (2489,)))",[21051],[21051],True,[],[],
2i,58,"((843, (27,)), (30, (866,)))",[18709],[18709],True,[],[],
2i,59,"((5267, (461,)), (5026, (461,)))",[27227],[27227],True,[],[],
2i,60,"((5023, (708,)), (20676, (288,)))",[1072],[1072],True,[],[],
2i,61,"((5859, (99,)), (2672, (99,)))","[37401, 37435, 37521]","[37401, 37435, 37521]",True,[],[],
2i,62,"((15114, (454,)), (15114, (306,)))",[61038],[61038],True,[],[],
2i,63,"((1443, (25,)), (283, (25,)))","[27385, 60098]","[27385, 60098]",True,[],[],
2i,64,"((3506, (35,)), (3872, (35,)))",[36139],[36139],True,[],[],
2i,65,"((1756, (654,)), (4967, (654,)))",[58224],[58224],True,[],[],
2i,66,"((1514, (46,)), (2557, (46,)))","[8548, 56560]","[8548, 56560]",True,[],[],
2i,67,"((2281, (3,)), (5722, (3,)))",[14998],[14998],True,[],[],
2i,68,"((4613, (1266,)), (1870, (974,)))","[21075, 26272, 27163, 43383, 43690, 44397, 53012, 63289]","[21075, 26272, 27163, 43383, 43690, 44397, 53012, 63289]",True,[],[],
2i,69,"((2928, (9610,)), (4284, (6900,)))",[78032],[78032],True,[],[],
2i,70,"((20619, (243,)), (10527, (6874,)))",[32067],[32067],True,[],[],
2i,71,"((4305, (107,)), (6075, (348,)))",[26709],[26709],True,[],[],
2i,72,"((3055, (225,)), (10327, (225,)))",[8609],[8609],True,[],[],
2i,73,"((24413, (2106,)), (7343, (838,)))",[3452],[3452],True,[],[],
2i,74,"((5638, (284,)), (1639, (88,)))",[12630],[12630],True,[],[],
2i,75,"((3281, (813,)), (17858, (974,)))",[36936],[36936],True,[],[],
2i,76,"((11739, (210,)), (8549, (210,)))",[17927],[17927],True,[],[],
2i,77,"((2253, (7952,)), (218, (3798,)))",[51649],[51649],True,[],[],
2i,78,"((8596, (432,)), (4967, (654,)))",[35405],[35405],True,[],[],
2i,79,"((3372, (735,)), (8810, (265,)))",[33859],[33859],True,[],[],
2i,80,"((1373, (49,)), (3971, (735,)))",[15313],[15313],True,[],[],
2i,81,"((193, (6157,)), (17029, (638,)))",[14740],[14740],True,[],[],
2i,82,"((3985, (51,)), (6286, (3102,)))",[72716],[72716],True,[],[],
2i,83,"((973, (368,)), (1592, (43,)))",[18930],[18930],True,[],[],
2i,84,"((16802, (84,)), (7254, (84,)))",[32549],[32549],True,[],[],
2i,85,"((1546, (29,)), (10, (3,)))",[36923],[36923],True,[],[],
2i,86,"((7254, (2344,)), (2219, (2344,)))",[12580],[12580],True,[],[],
2i,87,"((9111, (1254,)), (12997, (137,)))","[420, 38165]","[420, 38165]",True,[],[],
2i,88,"((1152, (1634,)), (8960, (1634,)))",[27221],[27221],True,[],[],
2i,89,"((9739, (14,)), (3749, (91,)))",[14714],[14714],True,[],[],
2i,90,"((10476, (211,)), (38716, (831,)))",[38717],[38717],True,[],[],
2i,91,"((4764, (1374,)), (3409, (27,)))",[50011],[50011],True,[],[],
2i,92,"((28234, (610,)), (6552, (610,)))",[17801],[17801],True,[],[],
2i,93,"((10148, (2060,)), (3001, (190,)))",[10894],[10894],True,[],[],
2i,94,"((8761, (3,)), (14552, (506,)))",[57887],[57887],True,[],[],
2i,95,"((14395, (659,)), (8947, (249,)))",[36045],[36045],True,[],[],
2i,96,"((3118, (211,)), (10142, (45,)))","[15280, 24017, 36241]","[15280, 24017, 36241]",True,[],[],
2i,97,"((6261, (139,)), (6264, (59,)))",[2149],[2149],True,[],[],
2i,98,"((2550, (112,)), (8578, (112,)))",[35256],[35256],True,[],[],
2i,99,"((2389, (79,)), (8155, (97,)))",[26911],[26911],True,[],[],
2i,100,"((4324, (537,)), (1627, (537,)))","[11370, 24396, 45981]","[11370, 24396, 45981]",True,[],[],
2i,101,"((2473, (3339,)), (2473, (349,)))",[53265],[53265],True,[],[],
2i,102,"((19441, (102,)), (12586, (102,)))","[7543, 9795, 12587]","[7543, 9795, 12587]",True,[],[],
2i,103,"((2448, (95,)), (14717, (95,)))",[49657],[49657],True,[],[],
2i,104,"((15677, (6137,)), (15677, (5482,)))",[57604],[57604],True,[],[],
2i,105,"((11800, (162,)), (887, (162,)))",[61232],[61232],True,[],[],
2i,106,"((20133, (695,)), (1694, (95,)))",[29463],[29463],True,[],[],
2i,107,"((19503, (21,)), (7738, (21,)))","[7739, 11103, 37242, 40221, 40718]","[7739, 11103, 37242, 40221, 40718]",True,[],[],
2i,108,"((5337, (550,)), (1290, (550,)))",[31289],[31289],True,[],[],
2i,109,"((11027, (293,)), (16769, (216,)))",[18577],[18577],True,[],[],
2i,110,"((5791, (0,)), (11146, (0,)))","[6814, 11667]","[6814, 11667]",True,[],[],
2i,111,"((24527, (2690,)), (6687, (2690,)))",[14868],[14868],True,[],[],
2i,112,"((2160, (543,)), (1805, (543,)))","[1845, 8007]","[1845, 8007]",True,[],[],
2i,113,"((2323, (190,)), (2323, (379,)))",[25705],[25705],True,[],[],
2i,114,"((183, (88,)), (1300, (459,)))",[3962],[3962],True,[],[],
2i,115,"((16938, (829,)), (8471, (829,)))",[72493],[72493],True,[],[],
2i,116,"((4521, (547,)), (1558, (1608,)))",[39623],[39623],True,[],[],
2i,117,"((5337, (907,)), (2462, (907,)))",[53733],[53733],True,[],[],
2i,118,"((3226, (164,)), (3774, (1298,)))","[2828, 6276, 8907]","[2828, 6276, 8907]",True,[],[],
2i,119,"((2434, (3823,)), (14090, (76,)))",[19921],[19921],True,[],[],
2i,120,"((37346, (103,)), (6905, (103,)))",[16151],[16151],True,[],[],
2i,121,"((12518, (383,)), (11545, (383,)))",[29516],[29516],True,[],[],
2i,122,"((3069, (53,)), (815, (243,)))",[43658],[43658],True,[],[],
2i,123,"((30957, (261,)), (341, (261,)))",[5240],[5240],True,[],[],
2i,124,"((1320, (732,)), (8816, (794,)))",[34648],[34648],True,[],[],
2i,125,"((1586, (483,)), (7009, (1431,)))",[26416],[26416],True,[],[],
2i,126,"((3920, (1177,)), (2607, (114,)))",[19531],[19531],True,[],[],
2i,127,"((2038, (2636,)), (3476, (638,)))",[38111],[38111],True,[],[],
2i,128,"((617, (233,)), (17648, (158,)))",[24035],[24035],True,[],[],
2i,129,"((11858, (326,)), (11858, (1833,)))","[52547, 54047]","[52547, 54047]",True,[],[],
2i,130,"((6422, (45,)), (5913, (441,)))",[27165],[27165],True,[],[],
2i,131,"((7849, (695,)), (4327, (1086,)))",[6171],[6171],True,[],[],
2i,132,"((5197, (131,)), (14009, (131,)))","[13146, 43541, 45784, 50788, 56288, 71791]","[13146, 43541, 45784, 50788, 56288, 71791]",True,[],[],
2i,133,"((9016, (288,)), (1575, (288,)))",[33105],[33105],True,[],[],
2i,134,"((6853, (1370,)), (924, (491,)))",[46628],[46628],True,[],[],
2i,135,"((1303, (43,)), (5890, (62,)))",[20832],[20832],True,[],[],
2i,136,"((11580, (592,)), (1821, (72,)))",[36724],[36724],True,[],[],
2i,137,"((7498, (183,)), (12025, (592,)))",[42617],[42617],True,[],[],
2i,138,"((5669, (515,)), (9971, (25,)))",[23218],[23218],True,[],[],
2i,139,"((9973, (206,)), (15048, (206,)))",[31384],[31384],True,[],[],
2i,140,"((2572, (189,)), (5922, (189,)))",[71796],[71796],True,[],[],
2i,141,"((10850, (58,)), (10456, (58,)))",[12156],[12156],True,[],[],
2i,142,"((11565, (403,)), (10196, (491,)))",[22007],[22007],True,[],[],
2i,143,"((6068, (400,)), (3222, (2733,)))",[8959],[8959],True,[],[],
2i,144,"((10962, (122,)), (10962, (139,)))",[61015],[61015],True,[],[],
2i,145,"((6541, (468,)), (2607, (409,)))",[50376],[50376],True,[],[],
2i,146,"((742, (921,)), (4332, (550,)))",[46228],[46228],True,[],[],
2i,147,"((7404, (3,)), (8700, (3,)))",[28015],[28015],True,[],[],
2i,148,"((22611, (583,)), (2199, (606,)))",[82268],[82268],True,[],[],
2i,149,"((20052, (6499,)), (64, (179,)))",[71183],[71183],True,[],[],
2i,150,"((25197, (521,)), (9358, (9418,)))",[72860],[72860],True,[],[],
2u,1,"((7662, (183,)), (34433, (2027,)), ('u',))","[5236, 7141, 15246, 20733, 21571, 25987, 30896, 34545, 37335, 49459, 63905, 65636, 69225]","[5236, 7141, 15246, 20733, 21571, 25987, 30896, 34545, 37335, 49459, 63905, 65636, 69225]",True,[],[],
2u,2,"((6075, (9223,)), (1708, (2911,)), ('u',))",[5171],[5171],True,[],[],
2u,3,"((6638, (515,)), (1751, (45,)), ('u',))","[2433, 17288, 18067, 25147, 31354, 65376]","[2433, 17288, 18067, 25147, 31354, 65376]",True,[],[],
2u,4,"((17065, (3540,)), (14618, (191,)), ('u',))","[2773, 4336, 14619, 27414, 35170, 50290]","[2773, 4336, 14619, 27414, 35170, 50290]",True,[],[],
2u,5,"((4873, (2,)), (8300, (1557,)), ('u',))",[34489],[34489],True,[],[],
2u,6,"((10624, (1873,)), (8108, (1873,)), ('u',))","[32419, 57979]","[32419, 57979]",True,[],[],
2u,7,"((2723, (99,)), (6855, (99,)), ('u',))","[2724, 2885, 3221, 30671]","[2724, 2885, 3221, 30671]",True,[],[],
2u,8,"((10025, (234,)), (6075, (8807,)), ('u',))",[5171],[5171],True,[],[],
2u,9,"((34433, (408,)), (22126, (183,)), ('u',))","[2800, 4524, 4816, 8900, 12190, 25685, 35286, 38193, 53578, 55985, 63072, 64836, 66474, 68331, 77529]","[2800, 4524, 4816, 8900, 12190, 25685, 35286, 38193, 53578, 55985, 63072, 64836, 66474, 68331, 77529]",True,[],[],
2u,10,"((3120, (141,)), (12836, (36,)), ('u',))",[46664],[46664],True,[],[],
2u,11,"((24562, (592,)), (259, (1431,)), ('u',))","[22868, 36965]","[22868, 36965]",True,[],[],
2u,12,"((5887, (210,)), (4785, (210,)), ('u',))",[13166],[13166],True,[],[],
2u,13,"((920, (2518,)), (1983, (190,)), ('u',))","[1028, 2331, 3400, 12015]","[1028, 2331, 3400, 12015]",True,[],[],
2u,14,"((5086, (58,)), (1389, (252,)), ('u',))",[21461],[21461],True,[],[],
2u,15,"((7967, (419,)), (5213, (457,)), ('u',))",[15539],[15539],True,[],[],
2u,16,"((5706, (112,)), (5706, (3261,)), ('u',))",[11224],[11224],True,[],[],
2u,17,"((2495, (3151,)), (4650, (4365,)), ('u',))",[17933],[17933],True,[],[],
2u,18,"((12382, (141,)), (5821, (36,)), ('u',))",[25447],[25447],True,[],[],
2u,19,"((11171, (14,)), (4139, (8,)), ('u',))","[4678, 12065, 12682, 15187, 16592, 18074, 22056, 26483, 29589, 36653, 42465, 51323, 54550, 65998]","[4678, 12065, 12682, 15187, 16592, 18074, 22056, 26483, 29589, 36653, 42465, 51323, 54550, 65998]",True,[],[],
2u,20,"((9902, (1012,)), (1619, (1467,)), ('u',))","[2276, 2278, 7025, 8303, 18048, 18729, 75257]","[2276, 2278, 7025, 8303, 18048, 18729, 75257]",True,[],[],
2u,21,"((29232, (59,)), (29232, (122,)), ('u',))",[5206],[5206],True,[],[],
2u,22,"((2924, (244,)), (2995, (572,)), ('u',))","[89, 405, 858, 1450, 2011, 2635, 2828, 3536, 7197, 8466, 8634, 8907, 9063, 18276, 19447, 54127]","[89, 405, 858, 1450, 2011, 2635, 2828, 3536, 7197, 8466, 8634, 8907, 9063, 18276, 19447, 54127]",True,[],[],
2u,23,"((10725, (301,)), (10599, (301,)), ('u',))","[10600, 25289, 27947, 28412, 49162]","[10600, 25289, 27947, 28412, 49162]",True,[],[],
2u,24,"((17291, (51,)), (4295, (924,)), ('u',))",[27951],[27951],True,[],[],
2u,25,"((1860, (572,)), (9723, (244,)), ('u',))","[645, 654, 834, 858, 919, 1279, 2086, 3024, 3945, 4861, 5611, 5717, 6032, 6276, 7579, 7697, 8140, 8634, 9063, 10028, 10434, 11342, 11806, 11830, 12375, 14296, 14416, 16901, 17488, 20960, 25437, 31336, 41211, 61710, 80937, 81726]","[645, 654, 834, 858, 919, 1279, 2086, 3024, 3945, 4861, 5611, 5717, 6032, 6276, 7579, 7697, 8140, 8634, 9063, 10028, 10434, 11342, 11806, 11830, 12375, 14296, 14416, 16901, 17488, 20960, 25437, 31336, 41211, 61710, 80937, 81726]",True,[],[],
2u,26,"((19799, (76,)), (8217, (377,)), ('u',))","[23054, 39928, 45080]","[23054, 39928, 45080]",True,[],[],
2u,27,"((8361, (46,)), (8361, (0,)), ('u',))",[8362],[8362],True,[],[],
2u,28,"((7194, (3208,)), (10517, (102,)), ('u',))","[4862, 12614, 24550, 28345, 29589, 40009, 43198, 67096, 69462, 79645]","[4862, 12614, 24550, 28345, 29589, 40009, 43198, 67096, 69462, 79645]",True,[],[],
2u,29,"((15732, (5006,)), (2355, (491,)), ('u',))","[21351, 60982]","[21351, 60982]",True,[],[],
2u,30,"((1198, (6098,)), (21188, (6098,)), ('u',))",[42582],[42582],True,[],[],
2u,31,"((9389, (7994,)), (78, (204,)), ('u',))","[1346, 62844]","[1346, 62844]",True,[],[],
2u,32,"((6450, (4841,)), (6450, (6968,)), ('u',))","[31311, 50795, 58148]","[31311, 50795, 58148]",True,[],[],
2u,33,"((10751, (1304,)), (1726, (125,)), ('u',))",[64660],[64660],True,[],[],
2u,34,"((934, (898,)), (7148, (594,)), ('u',))",[5285],[5285],True,[],[],
2u,35,"((5730, (139,)), (3967, (139,)), ('u',))","[1905, 11389, 34499]","[1905, 11389, 34499]",True,[],[],
2u,36,"((1814, (6502,)), (6518, (252,)), ('u',))",[34509],[34509],True,[],[],
2u,37,"((1215, (41,)), (1215, (3,)), ('u',))",[41447],[41447],True,[],[],
2u,38,"((4729, (893,)), (12271, (102,)), ('u',))","[15312, 15494, 18473, 31279, 32247, 35185, 39502, 72930]","[15312, 15494, 18473, 31279, 32247, 35185, 39502, 72930]",True,[],[],
2u,39,"((1131, (276,)), (6034, (276,)), ('u',))",[39740],[39740],True,[],[],
2u,40,"((4925, (267,)), (10497, (3,)), ('u',))",[20565],[20565],True,[],[],
2u,41,"((11259, (153,)), (3419, (153,)), ('u',))","[10677, 15672, 20127, 30335, 34670, 36377, 55934, 61315]","[10677, 15672, 20127, 30335, 34670, 36377, 55934, 61315]",True,[],[],
2u,42,"((139, (112,)), (6029, (1558,)), ('u',))",[18730],[18730],True,[],[],
2u,43,"((25061, (6834,)), (5454, (16,)), ('u',))",[27290],[27290],True,[],[],
2u,44,"((2431, (260,)), (1412, (4959,)), ('u',))",[32246],[32246],True,[],[],
2u,45,"((386, (376,)), (3458, (760,)), ('u',))","[2672, 6403, 10342, 20834, 41300, 64322, 74345, 77816]","[2672, 6403, 10342, 20834, 41300, 64322, 74345, 77816]",True,[],[],
2u,46,"((1968, (35,)), (6231, (35,)), ('u',))","[6232, 54391]","[6232, 54391]",True,[],[],
2u,47,"((433, (6,)), (19489, (401,)), ('u',))",[9818],[9818],True,[],[],
2u,48,"((3419, (153,)), (1217, (153,)), ('u',))","[10677, 15672, 20127, 30335, 34670, 36377, 55934, 61315]","[10677, 15672, 20127, 30335, 34670, 36377, 55934, 61315]",True,[],[],
2u,49,"((2339, (339,)), (26, (339,)), ('u',))",[2340],[2340],True,[],[],
2u,50,"((12696, (178,)), (2690, (178,)), ('u',))",[2691],[2691],True,[],[],
2u,51,"((7352, (31,)), (2578, (31,)), ('u',))",[46617],[46617],True,[],[],
2u,52,"((10444, (47,)), (10444, (337,)), ('u',))",[72580],[72580],True,[],[],
2u,53,"((482, (1615,)), (3481, (102,)), ('u',))","[8006, 11000, 12614, 14059, 27830, 30966, 40929, 44971, 77856]","[8006, 11000, 12614, 14059, 27830, 30966, 40929, 44971, 77856]",True,[],[],
2u,54,"((15048, (4416,)), (11452, (267,)), ('u',))","[12479, 20950, 39883, 51155, 61096]","[12479, 20950, 39883, 51155, 61096]",True,[],[],
2u,55,"((37346, (103,)), (6905, (103,)), ('u',))",[16151],[16151],True,[],[],
2u,56,"((2676, (3540,)), (6126, (1353,)), ('u',))","[6065, 12694, 19182, 29627, 40999, 41603, 55484]","[6065, 12694, 19182, 29627, 40999, 41603, 55484]",True,[],[],
2u,57,"((4109, (3661,)), (4109, (156,)), ('u',))",[5418],[5418],True,[],[],
2u,58,"((6184, (0,)), (5560, (0,)), ('u',))","[6814, 11667]","[6814, 11667]",True,[],[],
2u,59,"((3279, (1069,)), (9322, (1069,)), ('u',))","[33604, 54517, 59417, 83360]","[33604, 54517, 59417, 83360]",True,[],[],
2u,60,"((230, (101,)), (5768, (183,)), ('u',))","[231, 10996, 17312, 26733, 34556, 35694, 39072, 47245, 48503, 53701, 55704, 64129, 65166, 84789]","[231, 10996, 17312, 26733, 34556, 35694, 39072, 47245, 48503, 53701, 55704, 64129, 65166, 84789]",True,[],[],
2u,61,"((9757, (202,)), (9757, (226,)), ('u',))",[39194],[39194],True,[],[],
2u,62,"((337, (143,)), (10274, (62,)), ('u',))",[338],[338],True,[],[],
2u,63,"((2959, (191,)), (17967, (191,)), ('u',))","[23690, 24882, 56488]","[23690, 24882, 56488]",True,[],[],
2u,64,"((528, (205,)), (4698, (7127,)), ('u',))",[529],[529],True,[],[],
2u,65,"((2647, (389,)), (7864, (144,)), ('u',))",[5977],[5977],True,[],[],
2u,66,"((4085, (244,)), (16141, (2886,)), ('u',))","[858, 1129, 1876, 6520, 7697, 7759, 9368, 10028, 10434, 10764, 11342, 14416, 20259, 23149, 33072, 72606]","[858, 1129, 1876, 6520, 7697, 7759, 9368, 10028, 10434, 10764, 11342, 14416, 20259, 23149, 33072, 72606]",True,[],[],
2u,67,"((8985, (478,)), (5078, (515,)), ('u',))","[451, 2028, 2484, 4711, 9675, 15250, 27566, 28370]","[451, 2028, 2484, 4711, 9675, 15250, 27566, 28370]",True,[],[],
2u,68,"((5488, (62,)), (10771, (62,)), ('u',))",[48843],[48843],True,[],[],
2u,69,"((8613, (893,)), (13261, (893,)), ('u',))","[12839, 52459, 63215]","[12839, 52459, 63215]",True,[],[],
2u,70,"((10209, (1053,)), (3023, (962,)), ('u',))",[61412],[61412],True,[],[],
2u,71,"((597, (379,)), (4198, (103,)), ('u',))",[19655],[19655],True,[],[],
2u,72,"((5447, (125,)), (5447, (44,)), ('u',))",[12890],[12890],True,[],[],
2u,73,"((5444, (181,)), (15682, (8046,)), ('u',))",[54578],[54578],True,[],[],
2u,74,"((19024, (1008,)), (19024, (3283,)), ('u',))","[19025, 45230, 59689]","[19025, 45230, 59689]",True,[],[],
2u,75,"((13915, (3057,)), (3417, (3467,)), ('u',))","[17356, 17977, 20256, 21083, 31005, 45714, 48040, 56356, 57400, 66590, 77377, 81030]","[17356, 17977, 20256, 21083, 31005, 45714, 48040, 56356, 57400, 66590, 77377, 81030]",True,[],[],
2u,76,"((27258, (112,)), (5529, (112,)), ('u',))",[34423],[34423],True,[],[],
2u,77,"((592, (2576,)), (7681, (1420,)), ('u',))",[14048],[14048],True,[],[],
2u,78,"((3902, (1323,)), (10587, (1323,)), ('u',))","[62241, 64580, 80438, 82593]","[62241, 64580, 80438, 82593]",True,[],[],
2u,79,"((36967, (150,)), (12460, (21,)), ('u',))","[2, 6194, 59035, 60770]","[2, 6194, 59035, 60770]",True,[],[],
2u,80,"((2126, (726,)), (9254, (8585,)), ('u',))",[176],[176],True,[],[],
2u,81,"((16520, (170,)), (10826, (170,)), ('u',))",[5905],[5905],True,[],[],
2u,82,"((5546, (472,)), (3327, (3956,)), ('u',))",[23362],[23362],True,[],[],
2u,83,"((19997, (62,)), (11126, (168,)), ('u',))",[18765],[18765],True,[],[],
2u,84,"((2330, (368,)), (2642, (368,)), ('u',))",[23153],[23153],True,[],[],
2u,85,"((1937, (211,)), (7219, (1225,)), ('u',))","[4435, 8178, 20279]","[4435, 8178, 20279]",True,[],[],
2u,86,"((1003, (159,)), (10177, (3304,)), ('u',))",[11759],[11759],True,[],[],
2u,87,"((1708, (1362,)), (1453, (81,)), ('u',))","[75, 182, 426, 858, 1388, 1420, 1454, 2616, 5542, 6349, 6507, 6520, 8466, 8651, 9368, 9805, 10225, 12470, 13062, 16088, 17488, 18276, 18674, 20294, 25492, 25788, 28372, 31234, 31287, 33293, 44195, 47043]","[75, 182, 426, 858, 1388, 1420, 1454, 2616, 5542, 6349, 6507, 6520, 8466, 8651, 9368, 9805, 10225, 12470, 13062, 16088, 17488, 18276, 18674, 20294, 25492, 25788, 28372, 31234, 31287, 33293, 44195, 47043]",True,[],[],
2u,88,"((368, (368,)), (11126, (10,)), ('u',))",[52136],[52136],True,[],[],
2u,89,"((36738, (431,)), (36738, (1974,)), ('u',))",[36739],[36739],True,[],[],
2u,90,"((17717, (21,)), (10453, (348,)), ('u',))","[2940, 3693, 11958, 16879, 20175, 20286, 20375, 22148, 22329, 22846, 24026, 34163, 42442, 45534, 46434, 47172, 47199, 51225, 52418, 52462, 57641, 64010, 70020, 70427, 72718, 76802, 77082, 77447, 80604, 81329, 81597, 84037]","[2940, 3693, 11958, 16879, 20175, 20286, 20375, 22148, 22329, 22846, 24026, 34163, 42442, 45534, 46434, 47172, 47199, 51225, 52418, 52462, 57641, 64010, 70020, 70427, 72718, 76802, 77082, 77447, 80604, 81329, 81597, 84037]",True,[],[],
2u,91,"((6104, (521,)), (18722, (450,)), ('u',))",[8733],[8733],True,[],[],
2u,92,"((7940, (25,)), (4585, (684,)), ('u',))","[18210, 33934, 55533]","[18210, 33934, 55533]",True,[],[],
2u,93,"((10186, (4,)), (6729, (4,)), ('u',))",[25618],[25618],True,[],[],
2u,94,"((6480, (0,)), (3052, (0,)), ('u',))","[33907, 55689, 68111]","[33907, 55689, 68111]",True,[],[],
2u,95,"((5278, (437,)), (788, (437,)), ('u',))",[52111],[52111],True,[],[],
2u,96,"((9946, (858,)), (1111, (244,)), ('u',))","[9947, 33432]","[9947, 33432]",True,[],[],
2u,97,"((4957, (497,)), (2441, (479,)), ('u',))",[4958],[4958],True,[],[],
2u,98,"((11197, (433,)), (13986, (2607,)), ('u',))","[3333, 9252, 43355, 46187]","[3333, 9252, 43355, 46187]",True,[],[],
2u,99,"((5291, (137,)), (5209, (974,)), ('u',))","[2482, 46910]","[2482, 46910]",True,[],[],
2u,100,"((11140, (4473,)), (4021, (683,)), ('u',))","[1277, 6613, 29981, 33946, 52057, 76199, 79909, 84772]","[1277, 6613, 29981, 33946, 52057, 76199, 79909, 84772]",True,[],[],
2u,101,"((843, (293,)), (8260, (821,)), ('u',))","[844, 1691, 5075, 8261, 25781, 63065]","[844, 1691, 5075, 8261, 25781, 63065]",True,[],[],
2u,102,"((3177, (1004,)), (8543, (1687,)), ('u',))","[8544, 28855, 35588, 45146]","[8544, 28855, 35588, 45146]",True,[],[],
2u,103,"((3763, (119,)), (4054, (119,)), ('u',))",[10383],[10383],True,[],[],
2u,104,"((28, (153,)), (16511, (153,)), ('u',))","[2037, 3787, 9052, 9674, 11486, 11547, 16473, 22264, 27065, 29563, 30668, 30692, 34074, 43335, 47887, 49271, 57992, 60562, 61573, 71240, 78323, 83848]","[2037, 3787, 9052, 9674, 11486, 11547, 16473, 22264, 27065, 29563, 30668, 30692, 34074, 43335, 47887, 49271, 57992, 60562, 61573, 71240, 78323, 83848]",True,[],[],
2u,105,"((10453, (348,)), (4103, (348,)), ('u',))","[2940, 3693, 11958, 16879, 20175, 20286, 20375, 22148, 22329, 22846, 24026, 45534, 46434, 47172, 51225, 52418, 52462, 57641, 70020, 70427, 72718, 76802, 80604, 81329, 81597, 84037]","[2940, 3693, 11958, 16879, 20175, 20286, 20375, 22148, 22329, 22846, 24026, 45534, 46434, 47172, 51225, 52418, 52462, 57641, 70020, 70427, 72718, 76802, 80604, 81329, 81597, 84037]",True,[],[],
2u,106,"((7685, (225,)), (4706, (2459,)), ('u',))",[5967],[5967],True,[],[],
2u,107,"((7371, (861,)), (15419, (2780,)), ('u',))","[13617, 52525]","[13617, 52525]",True,[],[],
2u,108,"((8998, (191,)), (2770, (4698,)), ('u',))","[14216, 21914, 32089, 61298]","[14216, 21914, 32089, 61298]",True,[],[],
2u,109,"((23163, (337,)), (15166, (337,)), ('u',))",[49319],[49319],True,[],[],
2u,110,"((8623, (1899,)), (770, (1899,)), ('u',))",[44366],[44366],True,[],[],
2u,111,"((34, (1261,)), (34, (190,)), ('u',))",[15558],[15558],True,[],[],
2u,112,"((279, (607,)), (279, (6973,)), ('u',))","[34294, 50053]","[34294, 50053]",True,[],[],
2u,113,"((13261, (2088,)), (3411, (2088,)), ('u',))","[20126, 43716]","[20126, 43716]",True,[],[],
2u,114,"((1672, (209,)), (2599, (209,)), ('u',))","[586, 1077, 16801]","[586, 1077, 16801]",True,[],[],
2u,115,"((94, (112,)), (1899, (119,)), ('u',))",[35145],[35145],True,[],[],
2u,116,"((6410, (6,)), (1399, (389,)), ('u',))",[15527],[15527],True,[],[],
2u,117,"((2921, (239,)), (15063, (384,)), ('u',))",[4528],[4528],True,[],[],
2u,118,"((2301, (32,)), (7209, (1733,)), ('u',))","[1346, 4531, 24230]","[1346, 4531, 24230]",True,[],[],
2u,119,"((4585, (0,)), (990, (3887,)), ('u',))",[18394],[18394],True,[],[],
2u,120,"((5384, (228,)), (15172, (4066,)), ('u',))","[24678, 59344]","[24678, 59344]",True,[],[],
2u,121,"((2712, (4,)), (4046, (4,)), ('u',))",[27095],[27095],True,[],[],
2u,122,"((2385, (396,)), (2385, (550,)), ('u',))",[18079],[18079],True,[],[],
2u,123,"((11040, (6,)), (7929, (6,)), ('u',))","[7930, 11041, 14072]","[7930, 11041, 14072]",True,[],[],
2u,124,"((615, (221,)), (715, (221,)), ('u',))","[3043, 4205, 6364, 9072, 38450, 58384]","[3043, 4205, 6364, 9072, 38450, 58384]",True,[],[],
2u,125,"((11675, (51,)), (12656, (196,)), ('u',))",[21351],[21351],True,[],[],
2u,126,"((259, (1431,)), (5019, (537,)), ('u',))","[22868, 29076, 29625, 33473, 36965, 79232, 82546]","[22868, 29076, 29625, 33473, 36965, 79232, 82546]",True,[],[],
2u,127,"((4025, (5582,)), (3137, (5582,)), ('u',))",[37943],[37943],True,[],[],
2u,128,"((15525, (168,)), (3829, (112,)), ('u',))",[3482],[3482],True,[],[],
2u,129,"((3673, (3,)), (17739, (506,)), ('u',))","[7550, 8343]","[7550, 8343]",True,[],[],
2u,130,"((615, (3880,)), (715, (3880,)), ('u',))",[23311],[23311],True,[],[],
2u,131,"((6843, (190,)), (14966, (306,)), ('u',))",[14967],[14967],True,[],[],
2u,132,"((15448, (3291,)), (15448, (51,)), ('u',))","[10131, 25568]","[10131, 25568]",True,[],[],
2u,133,"((6976, (1652,)), (6976, (51,)), ('u',))",[8207],[8207],True,[],[],
2u,134,"((5630, (57,)), (47076, (196,)), ('u',))",[17069],[17069],True,[],[],
2u,135,"((2038, (8544,)), (2038, (516,)), ('u',))",[39741],[39741],True,[],[],
2u,136,"((6049, (46,)), (6049, (2990,)), ('u',))","[9647, 56241]","[9647, 56241]",True,[],[],
2u,137,"((4842, (54,)), (1084, (105,)), ('u',))","[8227, 9384, 10012, 10382, 16990, 29400, 41239, 47025, 50640, 58524, 69771]","[8227, 9384, 10012, 10382, 16990, 29400, 41239, 47025, 50640, 58524, 69771]",True,[],[],
2u,138,"((7038, (46,)), (9787, (46,)), ('u',))","[24154, 30029]","[24154, 30029]",True,[],[],
2u,139,"((2349, (2850,)), (3755, (23,)), ('u',))",[16867],[16867],True,[],[],
2u,140,"((18371, (2576,)), (10622, (1899,)), ('u',))",[30137],[30137],True,[],[],
2u,141,"((7459, (145,)), (7459, (468,)), ('u',))","[13152, 16061, 18125, 72542]","[13152, 16061, 18125, 72542]",True,[],[],
2u,142,"((780, (112,)), (4025, (15,)), ('u',))","[15180, 15561]","[15180, 15561]",True,[],[],
2u,143,"((10318, (178,)), (8655, (168,)), ('u',))",[8656],[8656],True,[],[],
2u,144,"((3642, (14,)), (3642, (102,)), ('u',))","[6227, 14684, 30151, 41422, 43852, 44267, 51162, 57460, 60386, 71750, 81294]","[6227, 14684, 30151, 41422, 43852, 44267, 51162, 57460, 60386, 71750, 81294]",True,[],[],
2u,145,"((3896, (2059,)), (443, (433,)), ('u',))","[10890, 12850, 16539, 26165, 38628]","[10890, 12850, 16539, 26165, 38628]",True,[],[],
2u,146,"((685, (2776,)), (11016, (51,)), ('u',))",[33474],[33474],True,[],[],
2u,147,"((581, (178,)), (8471, (178,)), ('u',))","[18351, 36811]","[18351, 36811]",True,[],[],
2u,148,"((163, (99,)), (163, (339,)), ('u',))",[19333],[19333],True,[],[],
2u,149,"((5560, (210,)), (16890, (51,)), ('u',))","[19576, 34893]","[19576, 34893]",True,[],[],
2u,150,"((6808, (7393,)), (11335, (1375,)), ('u',))",[11336],[11336],True,[],[],
3i,1,"((9609, (5284,)), (9609, (8375,)), (9609, (8498,)))",[35180],[35180],True,[],[],
3i,2,"((14996, (1790,)), (18309, (1856,)), (13178, (669,)))",[14997],[14997],True,[],[],
3i,3,"((3896, (107,)), (9214, (107,)), (16306, (107,)))",[14101],[14101],True,[],[],
3i,4,"((11597, (76,)), (3301, (829,)), (3301, (76,)))",[19250],[19250],True,[],[],
3i,5,"((13092, (198,)), (4994, (91,)), (388, (893,)))",[8229],[8229],True,[],[],
3i,6,"((6598, (688,)), (12435, (183,)), (15985, (1046,)))",[3346],[3346],True,[],[],
3i,7,"((9894, (58,)), (4096, (58,)), (1514, (58,)))",[16085],[16085],True,[],[],
3i,8,"((1391, (0,)), (13045, (46,)), (23779, (46,)))",[22108],[22108],True,[],[],
3i,9,"((11105, (497,)), (9243, (497,)), (698, (479,)))",[12879],[12879],True,[],[],
3i,10,"((6027, (62,)), (455, (62,)), (14228, (62,)))",[32631],[32631],True,[],[],
3i,11,"((7320, (167,)), (18649, (167,)), (3044, (167,)))","[931, 3045, 3772]","[931, 3045, 3772]",True,[],[],
3i,12,"((2361, (474,)), (5490, (35,)), (1548, (3,)))",[7662],[7662],True,[],[],
3i,13,"((10209, (368,)), (9400, (368,)), (6333, (43,)))",[36136],[36136],True,[],[],
3i,14,"((3546, (1436,)), (35992, (84,)), (12873, (769,)))",[5285],[5285],True,[],[],
3i,15,"((4733, (479,)), (3905, (1102,)), (1160, (864,)))",[3838],[3838],True,[],[],
3i,16,"((4578, (14,)), (8468, (102,)), (12, (940,)))",[13179],[13179],True,[],[],
3i,17,"((5699, (5447,)), (3845, (5447,)), (2591, (1231,)))",[5787],[5787],True,[],[],
3i,18,"((896, (21,)), (15048, (2062,)), (5734, (21,)))",[14688],[14688],True,[],[],
3i,19,"((364, (4474,)), (975, (407,)), (5425, (407,)))",[35757],[35757],True,[],[],
3i,20,"((4600, (683,)), (2065, (586,)), (5678, (887,)))",[17404],[17404],True,[],[],
3i,21,"((3017, (482,)), (14925, (482,)), (2820, (482,)))",[29976],[29976],True,[],[],
3i,22,"((8691, (243,)), (21647, (3598,)), (2988, (243,)))",[23490],[23490],True,[],[],
3i,23,"((4473, (157,)), (9028, (512,)), (5393, (6289,)))",[7346],[7346],True,[],[],
3i,24,"((903, (244,)), (3056, (5904,)), (7006, (248,)))",[13938],[13938],True,[],[],
3i,25,"((10234, (70,)), (522, (51,)), (7804, (2198,)))",[12827],[12827],True,[],[],
3i,26,"((19061, (69,)), (5365, (81,)), (3558, (165,)))",[5218],[5218],True,[],[],
3i,27,"((1849, (1262,)), (3187, (381,)), (10444, (1262,)))",[38121],[38121],True,[],[],
3i,28,"((14058, (325,)), (4837, (325,)), (14449, (325,)))",[18796],[18796],True,[],[],
3i,29,"((299, (550,)), (729, (335,)), (299, (189,)))",[16679],[16679],True,[],[],
3i,30,"((3372, (735,)), (9802, (51,)), (3372, (4173,)))",[3373],[3373],True,[],[],
3i,31,"((1743, (1040,)), (8300, (1557,)), (23165, (3239,)))",[34489],[34489],True,[],[],
3i,32,"((353, (288,)), (19672, (288,)), (3413, (1879,)))",[19673],[19673],True,[],[],
3i,33,"((14429, (1514,)), (22010, (178,)), (9076, (5609,)))",[1400],[1400],True,[],[],
3i,34,"((1727, (5265,)), (8197, (550,)), (5093, (624,)))",[2677],[2677],True,[],[],
3i,35,"((16836, (1204,)), (7559, (1204,)), (1451, (21,)))",[3070],[3070],True,[],[],
3i,36,"((6271, (181,)), (9594, (105,)), (2924, (1125,)))",[6483],[6483],True,[],[],
3i,37,"((6656, (151,)), (7209, (62,)), (601, (151,)))",[17447],[17447],True,[],[],
3i,38,"((11833, (121,)), (8613, (1003,)), (926, (239,)))",[8944],[8944],True,[],[],
3i,39,"((1844, (543,)), (66491, (8291,)), (3419, (175,)))",[1845],[1845],True,[],[],
3i,40,"((29096, (4569,)), (4718, (9515,)), (530, (99,)))",[531],[531],True,[],[],
3i,41,"((11516, (1095,)), (433, (57,)), (4255, (319,)))",[2713],[2713],True,[],[],
3i,42,"((6040, (36,)), (6268, (36,)), (21160, (6073,)))",[1087],[1087],True,[],[],
3i,43,"((13006, (79,)), (1451, (79,)), (5777, (79,)))","[41898, 52342]","[41898, 52342]",True,[],[],
3i,44,"((5989, (654,)), (5683, (4377,)), (6831, (1658,)))",[2377],[2377],True,[],[],
3i,45,"((2185, (137,)), (8010, (134,)), (4942, (1658,)))",[42111],[42111],True,[],[],
3i,46,"((1379, (210,)), (22414, (7743,)), (411, (1888,)))",[17727],[17727],True,[],[],
3i,47,"((22271, (2,)), (7655, (2,)), (2000, (2,)))","[5421, 17405]","[5421, 17405]",True,[],[],
3i,48,"((6598, (688,)), (3933, (408,)), (9873, (2108,)))",[7990],[7990],True,[],[],
3i,49,"((5569, (552,)), (2984, (432,)), (1017, (2651,)))",[50252],[50252],True,[],[],
3i,50,"((187, (82,)), (3253, (34,)), (4517, (82,)))",[188],[188],True,[],[],
3i,51,"((4369, (97,)), (1727, (97,)), (12240, (79,)))",[34158],[34158],True,[],[],
3i,52,"((1071, (649,)), (12972, (378,)), (289, (39,)))",[3980],[3980],True,[],[],
3i,53,"((520, (8854,)), (8881, (3285,)), (21309, (3697,)))",[5632],[5632],True,[],[],
3i,54,"((285, (731,)), (5707, (731,)), (5911, (731,)))",[36007],[36007],True,[],[],
3i,55,"((10325, (3,)), (21309, (29,)), (10703, (3,)))",[25617],[25617],True,[],[],
3i,56,"((3608, (31,)), (4911, (1329,)), (2150, (31,)))",[32103],[32103],True,[],[],
3i,57,"((2535, (220,)), (696, (175,)), (4749, (313,)))",[9693],[9693],True,[],[],
3i,58,"((6484, (2114,)), (9456, (2114,)), (5642, (497,)))",[10892],[10892],True,[],[],
3i,59,"((1548, (0,)), (2736, (46,)), (15448, (46,)))",[9647],[9647],True,[],[],
3i,60,"((4688, (69,)), (6168, (372,)), (14966, (372,)))",[9063],[9063],True,[],[],
3i,61,"((16063, (1073,)), (48030, (252,)), (3549, (252,)))",[1493],[1493],True,[],[],
3i,62,"((1498, (521,)), (30004, (1761,)), (7178, (206,)))",[15124],[15124],True,[],[],
3i,63,"((6523, (531,)), (6523, (139,)), (9887, (531,)))",[8988],[8988],True,[],[],
3i,64,"((14105, (291,)), (5791, (291,)), (3490, (291,)))",[16108],[16108],True,[],[],
3i,65,"((12961, (102,)), (1063, (102,)), (609, (102,)))","[9709, 17213, 18526, 20318, 28669, 30995]","[9709, 17213, 18526, 20318, 28669, 30995]",True,[],[],
3i,66,"((6261, (139,)), (6264, (59,)), (17261, (531,)))",[2149],[2149],True,[],[],
3i,67,"((3905, (6,)), (4570, (389,)), (42181, (401,)))",[14249],[14249],True,[],[],
3i,68,"((10108, (491,)), (33038, (1963,)), (287, (3863,)))",[7435],[7435],True,[],[],
3i,69,"((9434, (106,)), (3673, (491,)), (1714, (2340,)))",[1737],[1737],True,[],[],
3i,70,"((7413, (650,)), (8253, (219,)), (2622, (2459,)))",[26890],[26890],True,[],[],
3i,71,"((7849, (695,)), (4327, (1086,)), (4120, (1669,)))",[6171],[6171],True,[],[],
3i,72,"((15106, (249,)), (33800, (39,)), (10160, (39,)))",[10161],[10161],True,[],[],
3i,73,"((2207, (608,)), (15756, (569,)), (14090, (368,)))",[2208],[2208],True,[],[],
3i,74,"((10349, (2018,)), (685, (70,)), (4148, (57,)))",[686],[686],True,[],[],
3i,75,"((18060, (1092,)), (9551, (1092,)), (9599, (1092,)))",[9552],[9552],True,[],[],
3i,76,"((1866, (178,)), (13054, (178,)), (19984, (178,)))",[1867],[1867],True,[],[],
3i,77,"((36336, (191,)), (1931, (191,)), (3894, (191,)))",[6613],[6613],True,[],[],
3i,78,"((202, (39,)), (24332, (53,)), (5335, (249,)))",[79000],[79000],True,[],[],
3i,79,"((8676, (3763,)), (407, (4500,)), (10527, (7594,)))",[8677],[8677],True,[],[],
3i,80,"((425, (3789,)), (1797, (6104,)), (425, (4789,)))",[1798],[1798],True,[],[],
3i,81,"((977, (95,)), (7722, (95,)), (4480, (95,)))",[5988],[5988],True,[],[],
3i,82,"((1502, (69,)), (4873, (244,)), (2729, (862,)))",[16088],[16088],True,[],[],
3i,83,"((1826, (102,)), (2895, (102,)), (18436, (102,)))",[139],[139],True,[],[],
3i,84,"((2820, (974,)), (6552, (137,)), (3017, (137,)))",[810],[810],True,[],[],
3i,85,"((10747, (4183,)), (5284, (6039,)), (8028, (1021,)))",[11881],[11881],True,[],[],
3i,86,"((4146, (679,)), (226, (139,)), (4089, (139,)))",[42986],[42986],True,[],[],
3i,87,"((13475, (529,)), (214, (529,)), (14880, (529,)))",[11835],[11835],True,[],[],
3i,88,"((4797, (401,)), (4797, (6,)), (2988, (401,)))",[13680],[13680],True,[],[],
3i,89,"((19254, (1237,)), (11835, (119,)), (4858, (112,)))",[13016],[13016],True,[],[],
3i,90,"((3786, (162,)), (2921, (162,)), (4439, (162,)))",[986],[986],True,[],[],
3i,91,"((9111, (63,)), (12997, (63,)), (4992, (1338,)))",[28387],[28387],True,[],[],
3i,92,"((8960, (141,)), (7390, (141,)), (3190, (36,)))",[45425],[45425],True,[],[],
3i,93,"((14058, (325,)), (22687, (325,)), (1373, (325,)))",[18796],[18796],True,[],[],
3i,94,"((36, (2786,)), (15352, (744,)), (36, (2558,)))",[13907],[13907],True,[],[],
3i,95,"((18517, (177,)), (2176, (177,)), (193, (244,)))",[32223],[32223],True,[],[],
3i,96,"((12508, (51,)), (2605, (335,)), (1353, (335,)))",[30401],[30401],True,[],[],
3i,97,"((16882, (30,)), (508, (638,)), (3751, (766,)))",[9911],[9911],True,[],[],
3i,98,"((5458, (219,)), (92, (456,)), (10883, (219,)))",[5459],[5459],True,[],[],
3i,99,"((4967, (654,)), (2622, (2937,)), (1939, (552,)))",[16571],[16571],True,[],[],
3i,100,"((50, (260,)), (2055, (1307,)), (8216, (3449,)))",[13013],[13013],True,[],[],
3i,101,"((4731, (3107,)), (637, (30,)), (8974, (1765,)))",[638],[638],True,[],[],
3i,102,"((2725, (170,)), (4502, (2543,)), (1565, (248,)))",[4976],[4976],True,[],[],
3i,103,"((2796, (514,)), (1035, (24,)), (7746, (7672,)))",[241],[241],True,[],[],
3i,104,"((2036, (14,)), (1659, (14,)), (2211, (14,)))","[1312, 5582, 8573, 10257, 12458, 13799, 16118]","[1312, 5582, 8573, 10257, 12458, 13799, 16118]",True,[],[],
3i,105,"((17386, (288,)), (10253, (178,)), (22871, (288,)))",[23364],[23364],True,[],[],
3i,106,"((3296, (183,)), (10100, (1174,)), (3990, (21,)))",[9451],[9451],True,[],[],
3i,107,"((1160, (162,)), (1952, (162,)), (16125, (162,)))",[42705],[42705],True,[],[],
3i,108,"((1659, (153,)), (2211, (153,)), (3544, (153,)))","[3787, 8080, 12993, 21138, 21396, 24627, 26813]","[3787, 8080, 12993, 21138, 21396, 24627, 26813]",True,[],[],
3i,109,"((3077, (151,)), (10514, (2346,)), (2223, (2614,)))",[11414],[11414],True,[],[],
3i,110,"((7750, (51,)), (3715, (51,)), (11842, (51,)))",[30849],[30849],True,[],[],
3i,111,"((10094, (178,)), (12524, (178,)), (9480, (178,)))",[44821],[44821],True,[],[],
3i,112,"((1334, (1487,)), (8606, (349,)), (1334, (427,)))",[7336],[7336],True,[],[],
3i,113,"((1696, (39,)), (72, (39,)), (7030, (39,)))",[37555],[37555],True,[],[],
3i,114,"((6535, (373,)), (8681, (306,)), (25646, (306,)))",[44157],[44157],True,[],[],
3i,115,"((273, (3851,)), (1391, (2331,)), (16279, (9486,)))",[4472],[4472],True,[],[],
3i,116,"((7595, (226,)), (9893, (3,)), (8366, (3,)))",[12714],[12714],True,[],[],
3i,117,"((5610, (122,)), (5610, (92,)), (9723, (99,)))",[18000],[18000],True,[],[],
3i,118,"((13077, (971,)), (9426, (971,)), (1193, (151,)))",[17428],[17428],True,[],[],
3i,119,"((15292, (99,)), (2257, (829,)), (2257, (175,)))",[26305],[26305],True,[],[],
3i,120,"((4211, (102,)), (1963, (102,)), (2619, (8,)))","[3995, 4212, 13383]","[3995, 4212, 13383]",True,[],[],
3i,121,"((4884, (766,)), (1922, (267,)), (5439, (137,)))",[3643],[3643],True,[],[],
3i,122,"((847, (117,)), (19949, (117,)), (12935, (144,)))",[14099],[14099],True,[],[],
3i,123,"((8623, (696,)), (770, (696,)), (3127, (51,)))",[27510],[27510],True,[],[],
3i,124,"((9848, (27,)), (12819, (51,)), (10599, (2875,)))",[8847],[8847],True,[],[],
3i,125,"((43495, (59,)), (366, (122,)), (1300, (190,)))",[7124],[7124],True,[],[],
3i,126,"((1592, (9286,)), (1592, (139,)), (1592, (59,)))",[24373],[24373],True,[],[],
3i,127,"((12631, (384,)), (6535, (228,)), (9434, (992,)))",[14639],[14639],True,[],[],
3i,128,"((1978, (2012,)), (4759, (3966,)), (9902, (2341,)))",[40147],[40147],True,[],[],
3i,129,"((10246, (190,)), (10789, (47,)), (956, (5370,)))",[23973],[23973],True,[],[],
3i,130,"((1632, (550,)), (13192, (189,)), (1632, (84,)))",[14020],[14020],True,[],[],
3i,131,"((1017, (4175,)), (4892, (5932,)), (4337, (179,)))",[25664],[25664],True,[],[],
3i,132,"((4282, (46,)), (2468, (46,)), (4439, (46,)))","[363, 10530]","[363, 10530]",True,[],[],
3i,133,"((8759, (201,)), (8936, (53,)), (4670, (4515,)))",[28475],[28475],True,[],[],
3i,134,"((4715, (69,)), (5157, (572,)), (1320, (1353,)))",[8634],[8634],True,[],[],
3i,135,"((4025, (428,)), (5480, (384,)), (4025, (368,)))",[3027],[3027],True,[],[],
3i,136,"((4335, (191,)), (14618, (191,)), (2965, (191,)))",[14619],[14619],True,[],[],
3i,137,"((429, (228,)), (3579, (341,)), (8744, (43,)))",[38189],[38189],True,[],[],
3i,138,"((6022, (4,)), (1141, (4,)), (6839, (116,)))",[24366],[24366],True,[],[],
3i,139,"((13861, (384,)), (4802, (228,)), (8217, (384,)))",[58172],[58172],True,[],[],
3i,140,"((14480, (766,)), (11156, (2470,)), (11156, (8825,)))",[16619],[16619],True,[],[],
3i,141,"((2238, (28,)), (303, (1026,)), (1259, (9134,)))",[2621],[2621],True,[],[],
3i,142,"((32072, (468,)), (2327, (58,)), (2126, (468,)))",[45486],[45486],True,[],[],
3i,143,"((2504, (58,)), (18018, (962,)), (3444, (58,)))",[19736],[19736],True,[],[],
3i,144,"((1247, (29,)), (11027, (293,)), (3751, (2754,)))",[2151],[2151],True,[],[],
3i,145,"((11037, (46,)), (8613, (46,)), (926, (46,)))",[927],[927],True,[],[],
3i,146,"((6373, (1302,)), (6373, (290,)), (8606, (2,)))",[45380],[45380],True,[],[],
3i,147,"((2091, (122,)), (12714, (130,)), (12714, (337,)))",[21650],[21650],True,[],[],
3i,148,"((13695, (3203,)), (5855, (1943,)), (11890, (1212,)))",[10095],[10095],True,[],[],
3i,149,"((43495, (59,)), (366, (59,)), (366, (122,)))",[7124],[7124],True,[],[],
3i,150,"((10618, (1030,)), (5339, (1030,)), (1675, (6,)))",[3170],[3170],True,[],[],
